
{
  "dev": {
    "host": "http://127.0.0.1:8087",
    "token": "Bearer eyJhbGciOiJIUzUxMiJ9.eyJyYW5kb21LZXkiOiJ5YWl6bDIiLCJzdWIiOiI0IiwiZXhwIjoxNjA0OTk1NTQ0LCJpYXQiOjE2MDQzOTA3NDR9.gp7IMWwaWviy85QFpqV6Q04N4F_Y7esKLtNJtECQ7Gbb4SNU-J6K9PuZyl0mz6WY8xIjEVdW3p8Z5Elk77ncww"
  },

  "line": {
    "host": "http://sb.dreamcat.ink:2020",
    "token": "Bearer eyJhbGciOiJIUzUxMiJ9.eyJyYW5kb21LZXkiOiJ5NWQyeDMiLCJzdWIiOiI0IiwiZXhwIjoxNTkxNDM3ODA0LCJpYXQiOjE1OTA4MzMwMDR9.CvIUwieM2M4gI9Tmipt2mWobO8ugBmCo20oFz17S3m5mNdvFc29i7ajmuoNqmommhQrTy3NPaYbd8n0hq8bAyg"
  }
}

